{
  "generated_by": "tools/validation/gen-lm-port-golden.ts",
  "source": "supabase/functions/_shared/lm.ts",
  "fixture_a": {
    "y_obs": [
      128.4817790927086,
      92.08310862891405,
      67.92172107001024,
      49.909727805614494,
      37.400599964400776,
      29.259710082806965,
      22.19573037636814,
      18.794866910749825,
      15.05053701754777,
      13.121021206686345,
      11.906373649746731,
      10.095307598647445,
      10.294083533239334,
      8.887360467918047,
      9.044725901297785,
      8.75404948726779,
      8.081689850044226,
      8.802469254467525,
      7.751665191166809,
      8.460508612400623
    ],
    "theta": [
      120.21422318025762,
      0.3512254957171278,
      8.038449849853809
    ],
    "ssr": 2.597767826720662,
    "iterations": 6,
    "converged": true,
    "standardErrors": [
      0.3465190058257008,
      0.0021253113236490455,
      0.13283913868245933
    ],
    "confidence95": [
      [
        119.53504592883924,
        120.893400431676
      ],
      [
        0.34705988552277567,
        0.35539110591147993
      ],
      [
        7.778085138036189,
        8.29881456167143
      ]
    ]
  },
  "fixture_b": {
    "theta": [
      111.89286144646582,
      0.47268977312544097,
      20
    ],
    "ssr": 1451.2575376540703,
    "converged": false
  },
  "fixture_c": {
    "A": [
      [
        4,
        1,
        2
      ],
      [
        1,
        5,
        1
      ],
      [
        2,
        1,
        6
      ]
    ],
    "b": [
      7,
      8,
      9
    ],
    "x": [
      0.9574468085106385,
      1.2127659574468084,
      0.9787234042553191
    ],
    "A_inv": [
      [
        0.30851063829787234,
        -0.04255319148936171,
        -0.09574468085106383
      ],
      [
        -0.04255319148936171,
        0.2127659574468085,
        -0.02127659574468085
      ],
      [
        -0.09574468085106383,
        -0.021276595744680847,
        0.20212765957446807
      ]
    ]
  }
}
